{"stats":{"minecraft:custom":{"minecraft:jump":384,"minecraft:time_since_rest":10725,"minecraft:damage_dealt":127,"minecraft:damage_taken":196,"minecraft:leave_game":2,"minecraft:sprint_one_cm":22971,"minecraft:play_time":10725,"minecraft:walk_on_water_one_cm":6664,"minecraft:time_since_death":10725,"minecraft:walk_one_cm":30928,"minecraft:sneak_time":28,"minecraft:total_world_time":10725,"minecraft:walk_under_water_one_cm":6152,"minecraft:swim_one_cm":985,"minecraft:fall_one_cm":8443,"minecraft:fly_one_cm":69023},"minecraft:mined":{"minecraft:grass":4,"dynamictrees:oak_undergrowth_leaves":1,"minecraft:fern":2}},"DataVersion":3465}