{"stats":{"minecraft:mined":{"iceandfire:silver_ore":2,"minecraft:mossy_cobblestone":3,"minecraft:stripped_mangrove_log":4,"minecraft:torch":6,"minecraft:grass_block":13,"minecraft:melon":15,"minecraft:redstone_wire":1,"minecraft:cobblestone":4,"minecraft:wall_torch":4,"minecraft:chiseled_stone_bricks":1,"minecraft:furnace":1,"dynamictrees:oak_undergrowth_leaves":32,"minecraft:mud":6,"minecraft:iron_ore":4,"minecraft:grass":11,"minecraft:vine":2,"minecraft:coal_ore":30,"minecraft:sand":3,"minecraft:dirt":20,"dynamictrees:jungle_undergrowth_leaves":17,"dynamictrees:mangrove_leaves":1,"minecraft:stone":23,"minecraft:fern":4},"minecraft:used":{"tombstone:scroll_of_lightning_resistance":1,"minecraft:water_bucket":14,"toughasnails:leaf_leggings":1,"toughasnails:leaf_helmet":1,"simplyswords:stormbringer":67,"minecraft:glass_bottle":35,"minecraft:stone_pickaxe":55,"minecraft:wooden_pickaxe":19,"minecraft:torch":27,"minecraft:dirt":30,"minecraft:crafting_table":3,"minecraft:jungle_planks":44,"minecraft:shears":42,"tombstone:bag_of_seeds":1,"minecraft:mud":6,"minecraft:bread":1,"minecraft:melon_slice":71,"toughasnails:leaf_chestplate":1,"minecraft:stone_axe":67,"minecraft:fire_charge":1,"minecraft:cobblestone":8,"minecraft:potion":32,"minecraft:furnace":2,"minecraft:bucket":15},"minecraft:dropped":{"minecraft:enchanted_book":2,"minecraft:golden_boots":1,"minecraft:stone_axe":1,"minecraft:wheat_seeds":1,"minecraft:lever":1,"minecraft:clock":1,"minecraft:iron_nugget":9,"alexsmobs:animal_dictionary":1,"butchersdelight:deadsheep":1,"minecraft:obsidian":1,"minecraft:cobblestone":2,"minecraft:rotten_flesh":6,"improvableskills:parchment_fragment":1,"minecraft:mangrove_planks":2,"minecraft:jungle_planks":1,"minecraft:name_tag":2,"minecraft:saddle":1,"delightful:cantaloupe_seeds":3,"farmersdelight:rice":1,"minecraft:stick":36,"delightful:salmonberry_pips":1,"minecraft:flint":4,"dynamictrees:jungle_seed":2,"farmersdelight:golden_knife":1,"minecraft:gunpowder":8,"minecraft:melon_seeds":2,"farmersdelight:rope":18,"minecraft:potion":4,"minecraft:jungle_leaves":11,"minecraft:wooden_pickaxe":1,"minecraft:string":3,"minecraft:oak_leaves":36,"minecraft:bucket":2,"minecraft:bone":14,"ars_nouveau:caster_tome":1,"iceandfire:dragonbone":2},"minecraft:killed":{"minecraft:spider":1,"minecraft:skeleton":1,"minecraft:zombie":15,"iceandfire:ghost":2},"minecraft:picked_up":{"ars_nouveau:caster_tome":1,"minecraft:mud":6,"farmersdelight:rice":1,"minecraft:jungle_log":17,"minecraft:potion":4,"minecraft:enchanted_book":2,"minecraft:stripped_mangrove_log":4,"minecraft:dirt":30,"minecraft:name_tag":1,"irons_spellbooks:arcane_essence":13,"minecraft:wheat_seeds":1,"minecraft:bucket":2,"improvableskills:scroll_normal":1,"minecraft:melon_slice":80,"minecraft:mangrove_planks":1,"minecraft:furnace":1,"minecraft:stick":32,"minecraft:raw_iron":4,"iceandfire:dragonbone":14,"improvableskills:parchment_fragment":1,"delightful:salmonberry_pips":1,"minecraft:torch":15,"minecraft:jungle_planks":1,"minecraft:sand":3,"minecraft:jungle_leaves":11,"butchersdelight:deadsheep":1,"minecraft:rotten_flesh":6,"minecraft:stone_axe":1,"minecraft:lever":1,"forbidden_arcanus:splash_aureal_bottle":2,"dynamictrees:jungle_seed":2,"minecraft:bread":1,"tombstone:magic_scroll":1,"delightful:cantaloupe_seeds":3,"minecraft:white_wool":1,"iceandfire:raw_silver":2,"minecraft:coal":30,"minecraft:oak_leaves":65,"minecraft:cobblestone":27},"minecraft:broken":{"toughasnails:leaf_leggings":1,"toughasnails:leaf_boots":1,"toughasnails:leaf_chestplate":1,"minecraft:stone_axe":1,"toughasnails:leaf_helmet":1},"minecraft:crafted":{"minecraft:glass_bottle":3,"toughasnails:leaf_boots":1,"toughasnails:leaf_chestplate":1,"minecraft:crafting_table":3,"minecraft:wooden_pickaxe":1,"minecraft:furnace":1,"minecraft:mangrove_planks":16,"minecraft:stone_axe":2,"toughasnails:leaf_leggings":1,"minecraft:air":0,"minecraft:jungle_planks":68,"minecraft:glass":3,"minecraft:stick":16,"minecraft:iron_ingot":4,"minecraft:stone_pickaxe":1,"toughasnails:leaf_helmet":1,"minecraft:torch":16,"minecraft:shears":1},"minecraft:custom":{"minecraft:interact_with_furnace":8,"minecraft:mob_kills":19,"minecraft:interact_with_crafting_table":13,"minecraft:open_barrel":44,"minecraft:leave_game":7,"minecraft:time_since_death":549,"minecraft:climb_one_cm":6800,"minecraft:time_since_rest":1,"minecraft:sprint_one_cm":329271,"minecraft:damage_taken":2372,"minecraft:walk_one_cm":162236,"minecraft:trigger_trapped_chest":2,"minecraft:drop":53,"minecraft:damage_dealt":6874,"tombstone:cast_on_ally":0,"minecraft:swim_one_cm":35242,"minecraft:fly_one_cm":362236,"minecraft:open_chest":17,"minecraft:crouch_one_cm":5302,"minecraft:play_time":161993,"tombstone:undead_killed":18,"minecraft:deaths":7,"minecraft:sneak_time":2005,"minecraft:walk_under_water_one_cm":30317,"minecraft:interact_with_lectern":1,"minecraft:aviate_one_cm":312558,"minecraft:jump":2169,"minecraft:interact_with_brewingstand":1,"minecraft:walk_on_water_one_cm":132116,"minecraft:total_world_time":161993,"minecraft:fall_one_cm":38966,"minecraft:inspect_dispenser":1}},"DataVersion":3465}