{"stats":{"minecraft:mined":{"iceandfire:silver_ore":2,"minecraft:furnace":1,"dynamictrees:oak_undergrowth_leaves":2,"minecraft:mud":6,"minecraft:stripped_mangrove_log":4,"minecraft:grass":8,"minecraft:grass_block":12,"minecraft:coal_ore":21,"minecraft:melon":10,"minecraft:sand":3,"minecraft:dirt":20,"dynamictrees:jungle_undergrowth_leaves":5,"minecraft:cobblestone":4,"minecraft:stone":19,"minecraft:fern":1},"minecraft:used":{"minecraft:mud":6,"minecraft:stone_pickaxe":32,"minecraft:glass_bottle":8,"minecraft:melon_slice":18,"minecraft:wooden_pickaxe":19,"minecraft:stone_axe":1,"minecraft:torch":1,"minecraft:cobblestone":4,"minecraft:dirt":30,"minecraft:potion":6,"minecraft:furnace":2,"minecraft:crafting_table":2,"minecraft:bucket":1},"minecraft:picked_up":{"minecraft:mud":6,"minecraft:stick":32,"minecraft:jungle_log":11,"minecraft:potion":4,"minecraft:enchanted_book":2,"minecraft:sand":3,"minecraft:stripped_mangrove_log":4,"minecraft:dirt":30,"dynamictrees:jungle_seed":2,"minecraft:wheat_seeds":1,"minecraft:melon_slice":54,"minecraft:mangrove_planks":1,"iceandfire:raw_silver":2,"minecraft:coal":21,"minecraft:cobblestone":23,"minecraft:furnace":1},"minecraft:crafted":{"minecraft:glass_bottle":3,"minecraft:glass":3,"minecraft:crafting_table":2,"minecraft:stick":12,"minecraft:wooden_pickaxe":1,"minecraft:stone_pickaxe":1,"minecraft:furnace":1,"minecraft:mangrove_planks":16,"minecraft:torch":16,"minecraft:stone_axe":1,"minecraft:jungle_planks":44},"minecraft:dropped":{"minecraft:enchanted_book":2,"dynamictrees:jungle_seed":2,"minecraft:wheat_seeds":1,"minecraft:gunpowder":8,"minecraft:melon_seeds":2,"minecraft:potion":4,"farmersdelight:rope":18,"minecraft:mangrove_planks":2,"minecraft:wooden_pickaxe":1,"minecraft:saddle":1,"minecraft:string":3,"minecraft:stick":34},"minecraft:custom":{"minecraft:time_since_rest":20710,"minecraft:interact_with_furnace":5,"minecraft:sprint_one_cm":72385,"minecraft:damage_taken":813,"minecraft:walk_one_cm":44311,"minecraft:drop":21,"minecraft:damage_dealt":30,"minecraft:swim_one_cm":17276,"minecraft:interact_with_crafting_table":7,"minecraft:fly_one_cm":89629,"minecraft:open_chest":4,"minecraft:crouch_one_cm":1332,"minecraft:play_time":82789,"minecraft:deaths":2,"minecraft:sneak_time":734,"minecraft:walk_under_water_one_cm":13936,"minecraft:aviate_one_cm":18141,"minecraft:jump":601,"minecraft:leave_game":4,"minecraft:time_since_death":21194,"minecraft:walk_on_water_one_cm":61169,"minecraft:total_world_time":82789,"minecraft:climb_one_cm":2753,"minecraft:fall_one_cm":10213}},"DataVersion":3465}