{"stats":{"minecraft:used":{"minecraft:dirt":16,"minecraft:melon_slice":3},"minecraft:mined":{"minecraft:grass":3,"minecraft:grass_block":8,"minecraft:melon":6,"minecraft:dirt":9},"minecraft:picked_up":{"minecraft:melon_slice":34,"minecraft:dirt":16},"minecraft:custom":{"minecraft:time_since_rest":5085,"minecraft:crouch_one_cm":941,"minecraft:play_time":27260,"minecraft:sprint_one_cm":27445,"minecraft:deaths":1,"minecraft:damage_taken":533,"minecraft:walk_one_cm":19228,"minecraft:sneak_time":300,"minecraft:walk_under_water_one_cm":1645,"minecraft:aviate_one_cm":10106,"minecraft:jump":219,"minecraft:leave_game":3,"minecraft:walk_on_water_one_cm":14997,"minecraft:time_since_death":6426,"minecraft:climb_one_cm":647,"minecraft:total_world_time":27260,"minecraft:swim_one_cm":497,"minecraft:fall_one_cm":2999,"minecraft:fly_one_cm":35357}},"DataVersion":3465}