{"stats":{"minecraft:mined":{"minecraft:furnace":1,"dynamictrees:oak_undergrowth_leaves":2,"minecraft:mud":6,"minecraft:stripped_mangrove_log":4,"minecraft:grass":8,"minecraft:grass_block":12,"minecraft:melon":10,"minecraft:sand":3,"minecraft:dirt":20,"dynamictrees:jungle_undergrowth_leaves":5,"minecraft:stone":11,"minecraft:fern":1},"minecraft:used":{"minecraft:mud":6,"minecraft:melon_slice":11,"minecraft:wooden_pickaxe":16,"minecraft:stone_axe":1,"minecraft:dirt":30,"minecraft:furnace":2,"minecraft:crafting_table":2,"minecraft:bucket":1},"minecraft:picked_up":{"minecraft:mud":6,"minecraft:stick":5,"minecraft:enchanted_book":2,"minecraft:sand":3,"minecraft:stripped_mangrove_log":4,"minecraft:dirt":30,"minecraft:melon_slice":54,"minecraft:cobblestone":11,"minecraft:furnace":1},"minecraft:crafted":{"minecraft:crafting_table":2,"minecraft:stick":8,"minecraft:wooden_pickaxe":1,"minecraft:furnace":1,"minecraft:mangrove_planks":16,"minecraft:stone_axe":1},"minecraft:dropped":{"minecraft:enchanted_book":2,"minecraft:melon_seeds":2,"minecraft:saddle":1,"minecraft:stick":2},"minecraft:custom":{"minecraft:time_since_rest":8710,"minecraft:interact_with_furnace":3,"minecraft:sprint_one_cm":66840,"minecraft:damage_taken":813,"minecraft:walk_one_cm":40582,"minecraft:drop":5,"minecraft:damage_dealt":30,"minecraft:swim_one_cm":15993,"minecraft:interact_with_crafting_table":4,"minecraft:fly_one_cm":87742,"minecraft:open_chest":4,"minecraft:crouch_one_cm":1055,"minecraft:play_time":70789,"minecraft:deaths":2,"minecraft:sneak_time":608,"minecraft:walk_under_water_one_cm":11916,"minecraft:aviate_one_cm":18141,"minecraft:jump":573,"minecraft:leave_game":4,"minecraft:time_since_death":9194,"minecraft:walk_on_water_one_cm":42332,"minecraft:total_world_time":70789,"minecraft:climb_one_cm":2753,"minecraft:fall_one_cm":9317}},"DataVersion":3465}