{"stats":{"minecraft:mined":{"minecraft:grass":5,"minecraft:grass_block":11,"minecraft:melon":10,"minecraft:mud":6,"minecraft:dirt":18,"minecraft:fern":1},"minecraft:used":{"minecraft:mud":5,"minecraft:dirt":26,"minecraft:melon_slice":8},"minecraft:picked_up":{"minecraft:mud":6,"minecraft:melon_slice":54,"minecraft:dirt":28},"minecraft:custom":{"minecraft:time_since_rest":36614,"minecraft:crouch_one_cm":992,"minecraft:play_time":58789,"minecraft:sprint_one_cm":48109,"minecraft:deaths":1,"minecraft:damage_taken":563,"minecraft:walk_one_cm":26640,"minecraft:sneak_time":574,"minecraft:walk_under_water_one_cm":7562,"minecraft:aviate_one_cm":16487,"minecraft:jump":399,"minecraft:leave_game":4,"minecraft:walk_on_water_one_cm":27009,"minecraft:time_since_death":37955,"minecraft:climb_one_cm":2019,"minecraft:total_world_time":58789,"minecraft:swim_one_cm":12254,"minecraft:fall_one_cm":5863,"minecraft:fly_one_cm":54980}},"DataVersion":3465}