{"stats":{"minecraft:used":{"minecraft:mud":3,"minecraft:dirt":19,"minecraft:melon_slice":3},"minecraft:mined":{"minecraft:grass":3,"minecraft:grass_block":8,"minecraft:melon":6,"minecraft:mud":3,"minecraft:dirt":12},"minecraft:picked_up":{"minecraft:mud":3,"minecraft:melon_slice":34,"minecraft:dirt":19},"minecraft:custom":{"minecraft:time_since_rest":17085,"minecraft:crouch_one_cm":941,"minecraft:play_time":39260,"minecraft:sprint_one_cm":27552,"minecraft:deaths":1,"minecraft:damage_taken":533,"minecraft:walk_one_cm":19544,"minecraft:sneak_time":300,"minecraft:walk_under_water_one_cm":1683,"minecraft:aviate_one_cm":10106,"minecraft:jump":224,"minecraft:leave_game":3,"minecraft:walk_on_water_one_cm":15699,"minecraft:time_since_death":18426,"minecraft:climb_one_cm":647,"minecraft:total_world_time":39260,"minecraft:swim_one_cm":497,"minecraft:fall_one_cm":3208,"minecraft:fly_one_cm":35384}},"DataVersion":3465}