{"stats":{"minecraft:used":{"minecraft:dirt":2,"minecraft:melon_slice":3},"minecraft:mined":{"minecraft:grass":1,"minecraft:melon":4,"minecraft:dirt":4},"minecraft:picked_up":{"minecraft:melon_slice":23,"minecraft:dirt":4},"minecraft:custom":{"minecraft:time_since_rest":15260,"minecraft:crouch_one_cm":941,"minecraft:play_time":15260,"minecraft:sprint_one_cm":13761,"minecraft:damage_taken":220,"minecraft:walk_one_cm":12776,"minecraft:sneak_time":264,"minecraft:walk_under_water_one_cm":576,"minecraft:aviate_one_cm":5121,"minecraft:jump":78,"minecraft:leave_game":3,"minecraft:walk_on_water_one_cm":10018,"minecraft:time_since_death":15260,"minecraft:climb_one_cm":110,"minecraft:total_world_time":15260,"minecraft:swim_one_cm":466,"minecraft:fall_one_cm":747,"minecraft:fly_one_cm":9709}},"DataVersion":3465}